ca cancer j clin,286.13
lancet,202.731
new engl j med,176.079
jama-j am med assoc,157.335
nat rev mol cell biol,113.915
nat rev drug discov,112.288
nat rev immunol,108.555
lancet respir med,102.642
bmj,93.333
nat med,87.241
lancet microbe,86.208
world psychiatry,79.683
nat rev microbiol,78.297
lancet psychiatry,77.056
nat rev mater,76.679
nat rev gastroenterol hepatol,73.082
lancet public health,72.427
chem rev,72.087
lancet infect dis,71.421
nat rev cancer,69.8
nature,69.504
nat biotechnol,68.164
nat energy,67.439
cell,66.85
nat rev dis primers,65.038
nat rev clin oncol,65.011
science,63.714
chem soc rev,60.615
lancet neurol,59.935
nat rev genet,59.581
psychol sci public interest,56.2
lancet oncol,54.433
ann oncol,51.769
ann intern med,51.598
j clin oncol,50.717
rev mod phys,50.485
clin microbiol rev,50.129
nat rev cardiol,49.421
prog mater sci,48.165
nat methods,47.99
nat mater,47.656
nat rev endocrinol,47.564
physiol rev,46.5
cell res,46.297
joule,46.048
lancet gastroenterol hepatol,45.042
lancet diabetes endocrinol,44.867
nat rev neurol,44.711
jama intern med,44.409
immunity,43.474
living rev relativ,42.9
nat rev nephrol,42.439
intens care med,41.787
mol cancer,41.444
nat genet,41.307
nat catal,40.706
nat nanotechnol,40.523
circulation,39.918
nat photonics,39.728
energy environ sci,39.714
j travel med,39.194
lancet glob health,38.927
nat rev neurosci,38.755
j infection,38.637
cancer cell,38.585
cancer discov,38.272
signal transduct target ther,38.104
cell discov,38.079
lancet child adolesc health,37.746
j public trans,37.667
annu rev astron astrophys,37.226
nat rev earth environ,37.214
lancet digit health,36.615
mmwr recomm rep,36.286
nat rev phys,36.273
eur heart j,35.855
astron astrophys rev,35.786
lancet rheumatol,35.482
prog energy combust sci,35.339
mmwr-morbid mortal w,35.301
mil med res,34.915
nat rev chem,34.571
gastroenterology,33.883
ieee commun surv tut,33.84
eur respir j,33.795
mater sci eng r rep,33.667
nat electron,33.255
jama oncol,33.006
electrochem energy r,32.804
annu rev immunol,32.481
annu rev pathol-mech,32.35
nat rev rheumatol,32.286
adv mater,32.086
gut,31.793
cell metab,31.373
cell host microbe,31.316
prog polym sci,31.281
nat immunol,31.25
nat microbiol,30.964
sci immunol,30.63
am j respir crit care med,30.528
phys rep,30.51
jama cardiol,30.154
lancet haematol,30.153
j hepatol,30.083
jama neurol,29.907
adv energy mater,29.698
nat biomed eng,29.234
radiology,29.146
mmwr surveill summ,29.095
nat neurosci,28.771
lancet planet health,28.75
living rev sol phys,28.7
nat clim chang,28.66
annu rev plant biol,28.31
nat cell bio ####,28.213
ann rheum dis,27.973
annu rev psychol,27.782
sci robot,27.541
annu rev biochem,27.258
j am coll cardiol,27.203
nat sustain,27.157
dialogues hum geogr,27
mater today,26.943
jama pediatr,26.796
jama psychiatry,25.911
nat mach intell,25.898
chem-us,25.832
stud mycol,25.731
psychother psychosom,25.617
blood,25.476
annu rev fluid mech,25.293
cell stem cell,25.269
endocr rev,25.261
rev geophys,24.946
fungal divers,24.902
int j oral sci,24.897
coord chem rev,24.833
infomat,24.798
adv opt photonics,24.75
trends cogn sci,24.482
acc chem res,24.466
appl catal b environ,24.319
ieee trans pattern anal mach intell,24.314
nat chem,24.274
eur urol,24.267
nat hum behav,24.252
acs energy lett,23.991
annu rev condens matter phys,23.978
adv phys,23.75
nanomicro lett,23.655
circ res,23.213
natl sci rev,23.178
nat cancer,23.177
j hematol oncol,23.168
psychol bull,23.027
drug resist updat,22.841
annu rev entomol,22.682
trends chem,22.448
annu rev physiol,22.163
annu rev clin psychol,22.098
cell mol immunol,22.096
trends plant sci,22.012
mol plant,21.949
trends biotechnol,21.942
annu rev public health,21.87
nat geosci,21.531
behav brain sci,21.357
euro surveill,21.286
trends cell biol,21.167
clin infect dis,20.999
energy storage mater,20.831
j med virol,20.693
trends ecol evol,20.589
sci bull,20.577
travel med infect dis,20.441
nat food,20.43
light sci appl,20.257
j thorac oncol,20.121
matter-us,19.967
adv funct mater,19.924
nat metab,19.865
photonix,19.818
annu rev biophys,19.763
trends immunol,19.709
prog retin eye res,19.704
nat phys,19.684
emerg microbes infect,19.568
appl phys rev,19.527
j clin invest,19.456
crit care,19.334
mol cell,19.328
sci transl med ####,19.319
am j psychiatry,19.242
acad manag ann,19.241
brain behav immun,19.227
trends cancer,19.161
nucleic acids res,19.16
ieee trans cybern,19.118
nat ecol evol,19.1
nano energy,19.069
q j econ,19.013
kidney int,18.998
nano today,18.962
int j inf manage,18.958
pharmacol rev,18.923
mol neurodegener,18.879
acs cent sci,18.728
neuron,18.688
brit j sport med,18.473
nat struct mol biol,18.361
trends microbiol,18.23
acs nano,18.027
j roy soc med,18
annu rev environ resour,17.909
genome biol,17.906
adv drug deliv rev,17.873
rep prog phys,17.802
annu rev nucl sci,17.727
nat commun,17.694
biotechnol adv,17.681
cytokine growth factor rev,17.66
trends pharmacol sci,17.638
j exp med,17.579
inf fusion,17.564
adv sci,17.521
autoimmun rev,17.39
nat plants,17.352
eur j heart fail,17.349
j extracell vesicles,17.337
hepatology,17.298
hum reprod update,17.179
j photoch photobio c,17.176
diabetes care,17.152
eclinicalmedicine,17.033
nat protoc,17.021
semin cancer biol,17.012
cell rep med,16.988
trends neurosci,16.978
bioact mater,16.874
can med assoc j,16.859
microbiome,16.837
angew chem int ed engl,16.823
renew sustain energy rev,16.799
chem eng j,16.744
jama surg,16.681
alzheimers dement,16.655
ann rev mar sci,16.561
mycosphere,16.525
ieee trans evol comput,16.497
curr probl cardiol,16.464
annu rev pharmacol toxicol,16.459
nat rev urol,16.43
j am chem soc,16.383
am psychol,16.358
mol aspects med,16.337
annu rev earth planet sci,16.304
annu rev microbiol,16.232
nat chem biol,16.174
pers soc psychol rev,16.161
emerg infect dis,16.126
lancet hiv,16.07
jacc cardiovasc imaging,16.051
annu rev med,16.048
j thromb haemost,16.036
trends food sci technol,16.002
acta neuropathol,15.887
biomater res,15.863
adv methods pract psychol sci,15.817
compr rev food sci food saf,15.786
int mater rev,15.75
mater horiz,15.717
nat astron,15.647
acta numer,15.583
annu rev neurosci,15.553
j am acad dermatol,15.487
arthritis rheumatol,15.483
int j antimicrob agents,15.441
small methods,15.367
npj digit med,15.357
protein cell,15.328
biomaterials,15.304
cancer commun,15.283
trends mol med,15.272
genome med,15.266
brain,15.255
ieee signal process mag,15.204
adv colloid interface sci,15.19
fems microbiol rev,15.177
small,15.153
nat prod rep,15.111
j am soc nephrol,14.978
sci adv,14.957
one earth,14.944
econ geogr,14.921
p ieee,14.91
trac-trend anal chem,14.908
j acad mark sci,14.904
acta pharm sin b,14.903
annu rev food sci technol,14.714
allergy,14.71
j strategic inf syst,14.682
am j bioethics,14.676
prog lipid res,14.673
jmir public health surveill,14.557
anal methods accid res,14.556
polym rev (phila pa),14.536
j autoimmun,14.511
j mater chem a,14.511
j clin virol,14.481
phys rev x,14.417
npj regen med,14.404
biol rev camb philos soc,14.35
annu rev ecol evol syst,14.34
acm comput surv,14.324
j allergy clin immun,14.29
rev environ sci biotechnol,14.284
ophthalmology,14.277
trends biochem sci,14.264
annu rev virol,14.263
embo mol med,14.26
ieee trans neural netw learn syst,14.255
j hazard mater,14.224
commun acm,14.065
artif intell,14.05
qjm-int j med,14.04
j pharm anal,14.026
embo j,14.012
brief bioinform,13.994
ieee trans affect comput,13.99
annu rev mater res,13.972
metabolism,13.934
ieee geosci remote sens mag,13.925
asian j psychiatr,13.89
acad manage rev,13.865
remote sens environ,13.85
b world health organ,13.831
med image anal,13.828
annu rev genet,13.826
clin cancer res,13.801
ann surg,13.787
front ecol environ,13.78
resour conserv recycl,13.716
j anxiety disord,13.711
acs catal,13.7
j neurol neurosur ps,13.654
trends environ anal,13.622
environ chem lett,13.615
ieee veh technol mag,13.609
cancer treat rev,13.608
catal rev sci eng,13.6
j energy chem,13.599
adv photonics,13.582
clin gastroenterol hepatol,13.576
j heart lung transplant,13.569
rev educ res,13.551
evid based ment health,13.538
j manage,13.508
energy environ mater,13.443
mol psychiatr,13.437
dev cell,13.417
surf sci rep,13.417
water res,13.4
pharmacol therapeut,13.4
int j surg,13.4
autophagy,13.391
int j comput vis,13.369
mater today nano,13.364
bone res,13.362
jama netw open,13.353
environ int,13.352
annu rev anim biosci,13.341
annu rev cancer biol,13.34
cancer res,13.312
clin microbiol infec,13.31
found trends inf ret,13.286
am j hematol,13.265
plant biotechnol j,13.263
glob chang biol,13.211
j bus ventur,13.139
j am acad child adolesc psychiatry,13.113
cardiovasc res,13.081
ieee j sel areas commun,13.081
j sport health sci,13.077
mol syst biol,13.068
j intern med,13.068
microbiol mol biol rev,13.044
neuro-oncology,13.029
adv fiber mater,12.958
chinese j catal,12.92
mol ther,12.91
j econ lit,12.905
anaesthesia,12.893
genes dev,12.89
leukemia,12.883
tour manag,12.879
curr opin solid state mater sci,12.857
ann tour res,12.853
engineering-prc,12.834
j adv res,12.822
biol psychiat,12.81
age ageing,12.782
green energy environ,12.781
proc natl acad sci u s a,12.779
ieee wirel commun,12.777
med j aust,12.776
j biomed sci,12.771
j natl compr canc netw,12.693
j exp clin cancer res,12.658
biosens bioelectron,12.545
jacc heart fail,12.544
adm sci q,12.529
j immunother cancer,12.469
am sociol rev,12.444
eur j epidemiol,12.434
liver cancer,12.43
prog part nucl phys,12.425
basic res cardiol,12.416
annu rev anal chem (palo alto calif),12.4
med res rev,12.388
neuropsychobiology,12.329
nano lett,12.262
npj comput mater,12.256
ieee trans fuzzy syst,12.253
periodontol 2000,12.239
ecomat,12.213
npj clean water,12.19
clin chem,12.167
exp mol med,12.153
psychiatry clin neurosci,12.145
harv bus rev,12.129
plant cell,12.085
j vocat behav,12.082
j pineal res,12.081
annu rev polit sci (palo alto),12.077
int j infect dis,12.074
cell death differ,12.067
j cachexia sarcopeni,12.063
am j gastroenterol,12.045
earth sci rev,12.038
cancer immunol res,12.02
npj flex electron,12.019
cochrane database syst rev,12.008
cem concr res,11.958
annu rev control robot auton syst,11.943
sports med,11.928
annu rev cell dev biol,11.902
bioresource technol,11.889
physiology,11.846
trends genet,11.821
jnci-j natl cancer i,11.816
jama dermatol,11.816
earth syst sci data,11.815
j magnes alloy,11.813
adv compos hybrid mater,11.806
j appl psychol,11.802
neurology,11.8
ageing res rev,11.788
isprs j photogramm remote sens,11.774
semin immunopathol,11.759
crit rev environ sci technol,11.75
br j anaesth,11.719
j ind inf integr,11.718
nanoscale horiz,11.684
calif manage rev,11.678
j clin microbiol,11.677
persoonia,11.658
ieee trans industr inform,11.648
addit manuf,11.632
perspect psychol sci,11.621
plos med,11.613
theranostics,11.6
adv nutr,11.567
bioscience,11.566
am j public health,11.561
environ sci technol lett,11.558
int j ment health addict,11.555
j adv ceram,11.534
energy convers manag,11.533
food hydrocoll,11.504
wiley interdiscip rev comput mol sci,11.5
ieee trans syst man cybern syst,11.471
j control release,11.467
biochar,11.452
appl energy,11.446
drugs,11.431
biochim biophys acta rev cancer,11.414
sleep med rev,11.401
clin psychol rev,11.397
technovation,11.373
neurol neuroimmunol neuroinflamm,11.36
environ sci technol,11.357
can j agr econ,11.353
appl mech rev,11.345
small struct,11.343
annu rev biomed eng,11.324
compos b eng,11.322
j interact market,11.318
carbon,11.307
prog cardiovasc dis,11.278
ecol lett,11.274
ann neurol,11.274
int j prod econ,11.251
comput ind,11.245
psychiat res,11.225
isme j,11.217
desalination,11.211
crit rev food sci nutr,11.208
ebiomedicine,11.205
comput educ,11.182
crit rev solid state,11.178
eur heart j cardiovasc pharmacother,11.177
acs mater lett,11.17
glob environ change,11.16
bmc med,11.15
brit j surg,11.122
br j dermatol,11.113
mayo clin proc,11.104
j int bus stud,11.103
adv healthc mater,11.092
cell syst,11.091
j nucl med,11.082
jacc cardiovasc interv,11.075
j clean prod,11.072
am j kidney dis,11.072
exerc immunol rev,11.067
biofabrication,11.061
haematologica,11.047
rev med virol,11.043
am j hum genet,11.043
ieee trans image process,11.041
ieee trans med imaging,11.037
environ health perspect,11.035
green chem,11.034
j allergy clin immunol pract,11.022
mater today phys,11.021
ieee trans serv comput,11.019
aging cell,11.005
immunol rev,10.983
acad manage j,10.979
curr for rep,10.975
j bus res,10.969
virtual phys prototyp,10.962
laser photon rev,10.947
psychol methods,10.929
curr biol,10.9
prog neurobiol,10.885
technol forecast soc change,10.884
obes rev,10.867
annu rev phytopathol,10.85
j big data,10.835
clin rev allergy immunol,10.817
bus strategy environ,10.801
redox biol,10.787
clin nucl med,10.782
mater today bio,10.761
npg asia mater,10.761
npj quantum inf,10.758
sci total environ,10.753
int j biol sci,10.75
carbohydr polym,10.723
j physiother,10.714
annu rev control,10.699
sustain cities soc,10.696
am j obstet gynecol,10.693
bioeng transl med,10.684
sustain mater techno,10.681
semin immunol,10.671
brit j psychiat,10.671
angiogenesis,10.658
optica,10.644
acta biomater,10.633
blood rev,10.626
rev aquac,10.618
clin j am soc nephrol,10.614
psychol med,10.592
trends endocrinol metab,10.586
qual res psychol,10.568
bus horiz,10.562
j memb sci,10.53
trends parasitol,10.528
autom constr,10.517
npj 2d mater appl,10.516
popul dev rev,10.515
arterioscler thromb vasc biol,10.514
chem mater,10.508
acm trans intell syst technol,10.489
infect dis poverty,10.485
int j soc psychiatry,10.461
diabetologia,10.46
circ heart fail,10.447
matrix biol,10.447
int j hosp manag,10.427
inflamm regen,10.426
eur urol suppl,10.417
thromb res,10.407
rev fish sci aquac,10.405
global health,10.401
gastrointest endosc,10.396
acs appl mater interfaces,10.383
sci china life sci,10.372
pharmacol res,10.334
prog quantum electron,10.333
int j mach tools manuf,10.331
inform manage-amster,10.328
new phytol,10.323
j mater sci technol,10.319
ann intensive care,10.318
ieee netw,10.294
curr opin biotechnol,10.279
ieee trans smart grid,10.275
j microbiol immunol,10.273
nano res,10.269
swarm evol comput,10.267
chest,10.262
ieee internet things j,10.238
j environ inform,10.22
educ res rev,10.207
clin immunol,10.19
transp rev,10.185
mol ther nucleic acids,10.183
transl res,10.171
stroke,10.17
sci china chem,10.138
adv polym sci,10.125
policy soc,10.104
antivir res,10.103
robot comput integr manuf,10.103
npj precis oncol,10.092
j organ behav,10.079
wiley interdiscip rev clim change,10.072
conserv lett,10.068
comput-aided civ inf,10.066
invest radiol,10.065
eur j nucl med mol i,10.057
j serv res,10.052
adv opt mater,10.05
transport res e-log,10.047
nano converg,10.038
annu rev sociol,10.032
j crohns colitis,10.02
energy strateg rev,10.01
eur j cancer,10.002
cell rep,9.995
environ pollut,9.988
chem sci,9.969
aging dis,9.968
j colloid interface sci,9.965
j econ perspect,9.944
adv virus res,9.938
cem concr compos,9.93
front med,9.927
leadersh q,9.924
chaos solitons fractals,9.922
mater today adv,9.918
jhep rep,9.917
hypertension,9.897
stroke vasc neurol,9.893
j prod innov manage,9.885
transl neurodegener,9.883
j pathol,9.883
compos sci technol,9.879
soc issues policy rev,9.857
financ res lett,9.848
phys life rev,9.833
ecol monogr,9.814
blood cancer j,9.812
ieee comput intell mag,9.809
curr opin food sci,9.8
j power sources,9.794
endoscopy,9.776
cancer lett,9.756
curr clim change rep,9.711
cold spring harb perspect biol,9.708
pediatrics,9.703
immun ageing,9.701
annu rev chem biomol eng,9.7
movement disord,9.698
int j epidemiol,9.685
cell death dis,9.685
lab anim (ny),9.667
neural networks,9.657
photoacoustics,9.656
health psychol rev,9.638
acs sens,9.618
plos biol,9.593
artif intell rev,9.588
j neuroinflammation,9.587
cell biosci,9.584
microbes infect,9.57
eur respir rev,9.553
ieee trans intell transp syst,9.551
adv nano res,9.539
jacc basic transl sci,9.531
aliment pharmacol ther,9.524
sci signal,9.517
j manuf syst,9.498
jci insight,9.484
environ sci nano,9.473
br j pharmacol,9.473
compos part a appl sci manuf,9.463
npj clim atmos sci,9.448
prog nucl magn reson spectrosc,9.447
genome res,9.438
gut microbes,9.434
j nanobiotechnology,9.429
wiley interdiscip rev nanomed nanobiotechnol,9.423
mater des,9.417
npj vaccines,9.399
psychol trauma,9.398
curr opin plant biol,9.396
environ innov soc transit,9.377
j clin anesth,9.375
am j transplant,9.369
water res x,9.365
wiley interdiscip rev rna,9.349
annu rev genomics hum genet,9.34
diabetes,9.337
ultrason sonochem,9.336
annu rev nutr,9.323
ieee t software eng,9.322
res synth methods,9.308
rev endocr metab disord,9.306
npj parkinsons dis,9.304
obesity,9.298
crit care med,9.296
asian j pharm sci,9.273
adv agron,9.265
mater today energy,9.257
cancer metastasis rev,9.237
ieee trans knowl data eng,9.235
food chem,9.231
j eur acad dermatol venereol,9.228
acs sustain chem eng,9.224
sens actuators b chem,9.221
pulmonology,9.216
acta mater,9.209
cell mol life sci,9.207
astrophys j suppl ser,9.2
trans assoc comput linguist,9.194
world j pediatr,9.186
phys rev lett,9.185
brain stimul,9.184
sol rrl,9.173
syst biol,9.16
chemsuschem,9.14
telemat inform,9.14
sep purif technol,9.136
eur heart j cardiovasc imaging,9.13
bull am meteorol soc,9.116
part fibre toxicol,9.112
j integr plant biol,9.106
thorax,9.102
biosci trends,9.083
br j cancer,9.075
embo rep,9.071
crit rev biotechnol,9.062
neurosci biobehav rev,9.052
health affair,9.048
microbiol spectr,9.043
cell chem biol,9.039
ieee commun mag,9.03
hepatol int,9.029
glob food secur-agr,9.027
transport res c-emer,9.022
int j prod res,9.018
polit anal,9.015
mass spectrom rev,9.011
eur j inf syst,9.011
one health,9
int j intell syst,8.993
anesthesiology,8.986
curr opin chem biol,8.972
jama otolaryngol head neck surg,8.961
comput human behav,8.957
cardiovasc diabetol,8.949
j hosp infect,8.944
space sci rev,8.943
chemosphere,8.943
prog aerosp sci,8.934
mech syst signal process,8.934
opto-electron adv,8.933
j travel res,8.933
j dent res,8.924
sustain prod consum,8.921
int j behav nutr phys act,8.915
compr physiol,8.915
j environ manage,8.91
j energy storage,8.907
top curr chem,8.905
genet med,8.864
energy,8.857
adv mater technol,8.856
earths future,8.852
curr opin green sustain chem,8.843
j king saud univ-com,8.839
epma j,8.836
expo health,8.835
metab eng,8.829
alzheimers res ther,8.823
waste manage,8.816
biol sex differ,8.811
astrophys j lett,8.811
mol biol evol,8.8
cell mol gastroenterol hepatol,8.797
front immunol,8.786
ann am thorac soc,8.785
hla,8.762
comput sci rev,8.757
oncogene,8.756
cell prolif,8.755
liver int,8.754
food packag shelf life,8.749
rev chem eng,8.742
big data soc,8.731
ann acad med singap,8.713
elife,8.713
ieee trans eng manag,8.702
cell mol biol lett,8.702
mucosal immunol,8.701
crit rev biochem mol biol,8.697
njas-wagen j life sc,8.69
mater chem front,8.683
new astron rev,8.682
am j obstet gynecol mfm,8.679
mol ecol resour,8.678
ultrasound obstet gynecol,8.678
omega-int j manage s,8.673
expert syst appl,8.665
appl mater today,8.663
sci china mater,8.64
columbia j world bus,8.635
renew energy,8.634
biomark res,8.633
j stroke,8.632
plant commun,8.625
br j haematol,8.615
j consum res,8.612
int j transgend,8.606
exp hematol oncol,8.593
internet high educ,8.591
circ cardiovasc imaging,8.589
j materiomics,8.589
j headache pain,8.588
j neurointerv surg,8.572
mol metab,8.568
lancet reg health west pac,8.559
clin transl med,8.554
soil biol biochem,8.546
j clin immunol,8.542
eur j prev cardiol,8.526
adv phys x,8.526
pattern recogn,8.518
mater res lett,8.516
energy res soc sci,8.514
mis q,8.513
limnol oceanogr lett,8.507
sci data,8.501
int j plast,8.5
clin chem lab med,8.49
prog photovolt,8.49
gov inf q,8.49
j cheminform,8.489
am j clin nutr,8.472
j adv model earth syst,8.469
corp soc responsib environ manag,8.464
npj biofilms microbiomes,8.462
j pers soc psychol,8.46
mater sci eng c mater biol appl,8.457
chin chem lett,8.455
j transl med,8.44
rev mineral geochem,8.438
environ res,8.431
jacc cardiooncol,8.422
rev financ stud,8.414
breast cancer res,8.408
prog solid state ch,8.389
curr opin cell biol,8.386
veh commun,8.373
drug discov today,8.369
dev rev,8.361
ieee ind electron m,8.36
ieee trans wirel commun,8.346
clin mol hepatol,8.337
methods ecol evol,8.335
front neuroendocrinol,8.333
am stat,8.325
arch med res,8.323
j co2 util,8.321
ieee trans sustain energy,8.31
nanoscale,8.307
hemasphere,8.3
neuropsychopharmacol,8.294
circ cardiovasc qual outcomes,8.271
j child psychol psychiatry,8.265
hepatobiliary surg nutr,8.265
appl soft comput,8.263
j public econ,8.262
diabetes metab,8.254
jama ophthalmol,8.253
dtsch arztebl int,8.251
organ res methods,8.247
psychol rev,8.247
educ psychol rev,8.24
j financ econ,8.238
inform sciences,8.233
resour policy,8.222
j behav exp finance,8.222
curr opin colloid interface sci,8.209
mod pathol,8.209
educ psychol,8.209
eur urol oncol,8.208
j mol cell biol,8.185
j investig allergol clin immunol,8.185
ieee trans multimedia,8.182
diabetes res clin pract,8.18
arch comput methods eng,8.171
world j emerg surg,8.165
ieee trans ind electron,8.162
nutr res rev,8.146
public adm rev,8.144
j manuf technol mana,8.144
knowl based syst,8.139
fuel process technol,8.129
expert opin drug deliv,8.129
diabetes metab res rev,8.128
depress anxiety,8.128
ieee trans geosci remote sens,8.125
landsc urban plan,8.119
free radical bio med,8.101
br j health psychol,8.101
curr pollut rep,8.097
eng comput,8.083
curr psychiatry rep,8.081
stem cell res ther,8.079
j cell biol,8.077
glia,8.073
vet q,8.071
j toxicol environ health b crit rev,8.071
acad manag perspect,8.069
j mater chem c,8.067
math program comput,8.059
bmj glob health,8.056
trends cardiovasc med,8.049
am polit sci rev,8.048
j catal,8.047
int bus rev,8.047
commun methods meas,8.044
ima fungus,8.044
j med chem,8.039
fuel,8.035
int j biol macromol,8.025
curr obes rep,8.023
food sci hum well,8.022
int j radiat oncol,8.013
anal chem,8.008
microsyst nanoeng,8.006
plant physiol,8.005
j nanostructure chem,8
j biomed inform,8
am j geriatr psychiatry,7.996
transl psychiatry,7.989
caai trans intell technol,7.985
j environ chem eng,7.968
am econ j appl econ,7.966
surv geophys,7.965
curr opin environ sustain,7.964
implement sci,7.96
plant cell environ,7.947
j am med inform assn,7.942
j tissue eng,7.94
pain,7.926
process saf environ prot,7.926
nanophotonics,7.923
cancer nanotechnol,7.917
annu rev stat appl,7.917
j finance,7.915
brookings pap econ act,7.914
rev environ contam toxicol,7.9
biomed j,7.892
sep purif rev,7.889
epilepsy curr,7.872
curr dir psychol sci,7.867
adv eng inform,7.862
ieee-caa j automatic,7.847
acad med,7.84
public pers manage,7.833
rev econ stud,7.833
agron sustain dev,7.832
cell rep phys sci,7.832
j adolesc health,7.83
long range plann,7.825
sci technol adv mater,7.821
epidemiol psychiatr sci,7.818
strateg manag j,7.815
j am med dir assoc,7.802
eng appl artif intell,7.802
curr opin struct biol,7.786
mbio,7.786
soft robot,7.784
inorg chem front,7.779
histopathology,7.778
comput linguist,7.778
j behav addict,7.772
weather clim extrem,7.761
j infect dis,7.759
environ technol innov,7.758
eur j intern med,7.749
am j respir cell mol biol,7.748
annu rev vis sci,7.745
biodrugs,7.744
phytochem rev,7.741
acta psychiat scand,7.734
int j electron comm,7.73
eurointervention,7.728
oncoimmunology,7.723
j am soc echocardiogr,7.722
crit rev clin lab sci,7.721
corros sci,7.72
circ arrhythm electrophysiol,7.718
biol proced online,7.717
curr neuropharmacol,7.708
j occup health psychol,7.707
gastric cancer,7.701
ieee j sel top signal process,7.695
constr build mater,7.693
compos commun,7.685
antioxidants-basel,7.675
int j appl earth obs geoinf,7.672
int j min sci technol,7.67
biotechnol biofuels,7.67
cells-basel,7.666
j glob health,7.664
curr opin electrochem,7.664
gigascience,7.658
stem cells transl med,7.655
alcohol res,7.654
j environ psychol,7.649
med educ,7.647
clin nutr,7.643
blood adv,7.637
biol res,7.634
adv electron mater,7.633
sustain energy techn,7.632
transport res b-meth,7.632
comput concrete,7.628
obstet gynecol,7.623
expert rev mol med,7.615
mater today chem,7.613
brain pathol,7.611
int j educ technol high educ,7.611
tour manag perspect,7.608
prog hum geogr,7.602
j urology,7.6
qual res sport exerc health,7.591
j invest dermatol,7.59
biomater sci-uk,7.59
gen hosp psychiat,7.587
curr opin microbiol,7.584
j manag inf syst,7.582
geroscience,7.581
acta neuropathol commun,7.578
energy policy,7.576
fam bus rev,7.575
j netw comput appl,7.574
j mater chem b,7.571
conserv biol,7.563
wiley interdiscip rev data min knowl discov,7.558
j am geriatr soc,7.538
j infect public health,7.537
j phys-energy,7.528
cell commun signal,7.525
acta physiol,7.523
appl psychol health well being,7.521
j intensive care,7.52
npj breast cancer,7.519
lab chip,7.517
circ cardiovasc interv,7.514
j abnorm psychol,7.507
osteoarthritis cartilage,7.507
rev physiol bioch p,7.5
people nat (hoboken),7.5
semin cell dev biol,7.499
biol conserv,7.497
child adolesc psychiatry ment health,7.494
prog theor exp phys,7.492
fertil steril,7.49
geosci front,7.483
int soil water conse,7.481
allergol int,7.478
int rev phys chem,7.478
j clin periodontol,7.478
antioxid redox signal,7.468
inf process manag,7.466
circ genom precis med,7.465
plos pathog,7.464
russ chem rev+,7.46
infection,7.455
mol oncol,7.449
q rev biophys,7.44
j comput mediat commun,7.432
wires water,7.428
food res int,7.425
int rev sport exerc psychol,7.423
geoderma,7.422
int j bioprint,7.422
comput med imaging graph,7.422
biomed pharmacother,7.419
bmj qual saf,7.418
clin child fam psychol rev,7.41
j clin epidemiol,7.407
acm trans graph,7.403
fish fish (oxf),7.401
int j hyg environ health,7.401
j organ end user comput,7.4
neuroimage,7.4
appl surf sci,7.392
crit rev microbiol,7.391
j sci-adv mater dev,7.382
mol cell proteomics,7.381
tissue eng part b rev,7.376
soil tillage res,7.366
heart,7.365
bmc biol,7.364
work stress,7.358
schizophr bull,7.348
emot rev,7.345
j water process eng,7.34
diabetes technol ther,7.337
electrochim acta,7.336
bjog,7.331
ieee trans power syst,7.326
msystems,7.324
int j cancer,7.316
oxid med cell longev,7.31
future gener comp sy,7.307
sol energy mater sol cells,7.305
adv intell syst,7.298
j exp bot,7.298
stem cell reports,7.294
hortic res,7.291
commun earth environ,7.29
inflamm bowel dis,7.29
wiley interdiscip rev syst biol med,7.288
j neuroimmune pharmacol,7.285
j cosmol astropart phys,7.28
sci china inform sci,7.275
curr opin immunol,7.268
adv exp soc psychol,7.263
clin epigenetics,7.259
essays biochem,7.258
addiction,7.256
photonics res,7.254
reliab eng syst saf,7.247
mater today sustain,7.244
genes dis,7.243
diagn interv imag,7.242
ann agric sci,7.241
siam rev soc ind appl math,7.24
q j r meteorol soc,7.237
neuroscientist,7.235
ieee t inf foren sec,7.231
clin psychol sci,7.216
immunology,7.215
z med phys,7.215
commun chem,7.211
compr psychiatry,7.211
j ind ecol,7.202
energy build,7.201
monogr soc res child dev,7.2
atmos chem phys,7.197
sustain sci,7.196
int psychogeriatr,7.191
sol energy,7.188
nephrol dial transpl,7.186
comput ind eng,7.18
int secur,7.179
biol direct,7.173
acta pharmacol sin,7.169
resp res,7.162
eur psychiatry,7.156
int j eng sci,7.155
j build eng,7.144
asian pac j allergy immunol,7.143
neurobiol stress,7.142
food secur,7.141
int j hydrogen energy,7.139
j intell manuf,7.136
hum reprod open,7.13
ecotoxicol environ saf,7.129
open biol,7.124
environ health-glob,7.123
curr opin virol,7.121
j innate immun,7.111
prog surf sci,7.111
korean j radiol,7.109
cell death discov,7.109
innov food sci emerg technol,7.104
manuf serv oper manag,7.103
phys eng sci med,7.099
int j consum stud,7.096
build environ,7.093
plant j,7.091
eur j med chem,7.088
j aging soc policy,7.084
acs photonics,7.077
meat sci,7.077
j med internet res,7.076
ieee rev biomed eng,7.073
curr opin neurobiol,7.07
eur heart j qual care clin outcomes,7.064
cell oncol,7.051
expert opin drug discov,7.05
rev environ econ policy,7.048
rheumatology,7.046
neurobiol dis,7.046
transport res d-tr e,7.041
cns neurosci ther,7.035
eur radiol,7.034
int j nanomedicine,7.033
comput methods programs biomed,7.027
anaesth crit care pa,7.025
int j forecast,7.022
ieee j biomed health inform,7.021
acs macro lett,7.015
mutat res rev mutat res,7.015
artif intell med,7.011
am j sports med,7.01
mar pollut bull,7.001
eur j pers,7
epj quantum technol,7
npj sci food,7
ann epidemiol,6.996
protein sci,6.993
j stat softw,6.992
inflamm res,6.986
drug metab rev,6.984
biomacromolecules,6.978
rev esp cardiol,6.975
zool res,6.975
transfus med rev,6.969
decis support syst,6.969
fluids barriers cns,6.961
plant phenomics,6.961
j cereb blood flow metab,6.96
acs appl energy mater,6.959
tob control,6.953
int j stroke,6.948
environ res lett,6.947
virol sin,6.947
ambio,6.943
neuropsychol rev,6.94
chem rec,6.935
bioinformatics,6.931
contemp educ psychol,6.922
cancer-am cancer soc,6.921
br j soc psychol,6.92
med clin north am,6.912
anal chim acta,6.911
ecosyst serv,6.91
global ecol biogeogr,6.909
j cardiovasc magn reson,6.903
clin pharmacol ther,6.903
eng geol,6.902
radiother oncol,6.901
geosci model dev,6.892
npj mater degrad,6.889
j phys chem lett,6.888
int j rob res,6.887
esmo open,6.883
technol soc,6.879
clin sci,6.876
adv catal,6.875
united european gastroenterol j,6.866
j appl ecol,6.865
development,6.862
2d mater,6.861
j educ psychol,6.856
npj quantum mater,6.856
int j rock mech min sci (1997),6.849
atherosclerosis,6.847
digit journal (abingdon),6.847
prod plan control,6.846
nutr rev,6.846
rev fish biol fish,6.845
contemp phys,6.842
ieee trans robot,6.835
bioengineered,6.832
cell biol toxicol,6.819
drug deliv,6.819
j photochem photobiol b,6.814
sustain energy fuels,6.813
curr opin psychol,6.813
ecography (cop.),6.802
transl stroke res,6.8
expert opin ther targets,6.797
j environ sci,6.796
rev psiquiatr salud ment,6.795
financ innov,6.793
ieee trans dependable secure comput,6.791
int commun heat mass,6.782
ann clin microbiol antimicrob,6.781
life sci,6.78
heart rhythm,6.779
int j mech sci,6.772
j gastroenterol,6.772
sports med open,6.766
agric syst,6.765
anim front,6.762
ann emerg med,6.762
j ind eng chem,6.76
comput electron agric,6.757
postharvest biol technol,6.751
q rev biol,6.75
ieee intell syst,6.744
epilepsia,6.74
bus soc,6.74
nanotechnol rev,6.739
food eng rev,6.738
adv sustain syst,6.737
fungal biol rev,6.727
j oper manag,6.72
am econ j macroecon,6.718
expert opin ther pat,6.714
can j anesth,6.713
j neurosci,6.709
j hydrol (amst),6.708
j int aids soc,6.707
nutrients,6.706
complex intell systems,6.7
comput biol med,6.698
stem cell rev rep,6.692
eur j immunol,6.688
j neurol,6.682
thromb haemostasis,6.681
j lipid res,6.676
philos t r soc b,6.671
j mark res,6.664
urban clim,6.663
phytomedicine,6.656
anat sci educ,6.652
food control,6.652
eur rev aging phys act,6.65
arch dis child-fetal,6.643
exerc sport sci rev,6.642
ieee trans autom sci eng,6.636
learn instr,6.636
apl mater,6.635
rhinology,6.634
biochim biophys acta mol basis dis,6.633
j mol liq,6.633
cancer immunol immunother,6.63
anesth analg,6.627
front plant sci,6.627
alex eng j,6.626
crit rev oncol hematol,6.625
asia pac j atmos sci,6.623
mol ecol,6.622
annu rev resour economics,6.617
hydrol earth syst sci,6.617
transport res a-pol,6.615
can j cardiol,6.614
j cult econ,6.613
int j nurs stud,6.612
agric water manag,6.611
entomol gen,6.608
biol fertil soils,6.605
j bus psychol,6.604
am j prev med,6.604
compos struct,6.603
ieee trans emerg top comput,6.595
trauma violence abuse,6.595
j card fail,6.592
j gerontol a biol sci med sci,6.591
front nutr,6.59
comput methods appl mech eng,6.588
apl bioeng,6.586
am j roentgenol,6.582
j chem theory comput,6.578
agric ecosyst environ,6.576
mol nutr food res,6.575
microb biotechnol,6.575
cancers,6.575
amyloid,6.571
quantum sci technol,6.568
catal today,6.562
eur j endocrinol,6.558
j bone joint surg am,6.558
hum-cent comput info,6.558
talanta,6.556
scipost phys,6.554
indoor air,6.554
ieee trans automat contr,6.549
j virol,6.549
environ behav,6.548
commun biol,6.548
ecol econ,6.536
proc combust inst,6.535
j affect disord,6.533
j am coll surgeons,6.532
j advert,6.528
pharmaceutics,6.525
oncogenesis,6.524
cleve clin j med,6.522
curr environ health rep,6.521
infect control hosp epidemiol,6.52
eng appl comp fluid,6.519
ieee t transp electr,6.519
rock mech rock eng,6.518
cancer sci,6.518
clin transl immunology,6.515
j cell physiol,6.513
semin liver dis,6.512
int j pharm,6.51
publ astron soc aust,6.51
thyroid,6.506
global biogeochem cycles,6.5
ann n y acad sci,6.499
expert opin investig drugs,6.498
commun phys,6.497
cns drugs,6.497
evol lett,6.494
world j mens health,6.494
n biotechnol,6.49
nucl data sheets,6.485
rev econ stat,6.481
hum genomics,6.481
mol autism,6.476
j gen intern med,6.473
j energy inst,6.47
jpn dent sci rev,6.468
appl therm eng,6.465
front public health,6.461
hum-comput interact,6.459
nanomed-nanotechnol,6.458
antimicrob resist infect control,6.454
ind crops prod,6.449
food chem x,6.443
mabs,6.44
quantum-austria,6.439
j thorac cardiov sur,6.439
biofactors,6.438
j anal appl pyrolysis,6.437
ecology,6.431
ther adv neurol disord,6.43
cancer cell int,6.429
eur j vasc endovasc,6.427
environ sci policy,6.424
agric for meteorol,6.424
int rev cell mol biol,6.42
contact dermatitis,6.419
j manage eng,6.415
genomics proteomics bioinformatics,6.409
diabetes obes metab,6.408
mikrochim acta,6.408
tunn undergr sp tech,6.407
semin thromb hemost,6.398
gisci remote sens,6.397
psychol aesthet creat arts,6.395
egypt j remote sens,6.393
safety sci,6.392
p nutr soc,6.391
j bone miner res,6.39
adv mater interfaces,6.389
phytother res,6.388
j field robot,6.385
econometrica,6.383
apl photonics,6.382
j ecol,6.381
j high energy phys,6.379
health syst reform,6.378
mol med,6.376
accid anal prev,6.376
food microbiol,6.374
soil-germany,6.373
j expo sci environ epidemiol,6.371
j alloys compd,6.371
catena (amst),6.367
j eur ceram soc,6.364
eur j oper res,6.363
environ microbiome,6.36
ieee trans cogn commun netw,6.359
artif cells nanomed biotechnol,6.355
internet res,6.353
hum reprod,6.353
microb cell fact,6.352
digit commun netw,6.348
food qual prefer,6.345
j telemed telecare,6.344
j public policy mark,6.343
geohealth,6.343
dig endosc,6.337
arch bronconeumol,6.333
mol cancer res,6.333
jmir ment health,6.332
j bus ethics,6.331
braz j psychiatry,6.328
oxf rev econ policy,6.326
int j neural syst,6.325
geology,6.324
radiocarbon,6.324
rare metals,6.318
food funct,6.317
j pediatr-us,6.314
clin chim acta,6.314
radiol med,6.313
sleep,6.313
radiographics,6.312
mol ther oncolytics,6.311
biochim biophys acta gene regul mech,6.304
adv clin chem,6.303
scr mater,6.302
br j gen pract,6.302
int j coal geol,6.3
am j surg pathol,6.298
crc crit rev plant sci,6.289
eur j neurol,6.288
virus res,6.286
j epidemiol commun h,6.286
j inflamm (lond),6.283
curr opin neurol,6.283
funct ecol,6.282
j orthop sport phys,6.276
curr res food sci,6.269
case stud therm eng,6.268
ocul surf,6.268
j mater res technol,6.267
clin liver dis,6.265
ecol indic,6.263
front mol neurosci,6.261
acta phys-chim sin,6.253
resuscitation,6.251
pharmacotherapy,6.251
neuropathol appl neurobiol,6.25
altex-altern anim ex,6.25
j biol eng,6.248
ann allergy asthma immunol,6.248
j am coll radiol,6.24
ieee trans veh technol,6.239
milbank q,6.237
kidney int rep,6.234
am j clin dermatol,6.233
j physiol-london,6.228
j evid based med,6.224
sociol sci,6.222
neoplasia,6.218
arab j chem,6.212
int j mol sci,6.208
chembioeng rev,6.207
prog org coat,6.206
j food eng,6.203
surv ophthalmol,6.197
cytotherapy,6.196
fisc stud,6.19
land use policy,6.189
crit rev toxicol,6.184
struct equ modeling,6.181
catal sci technol,6.177
polit commun,6.176
j anim sci biotechnol,6.175
respirology,6.175
transp policy (oxf),6.173
manage sci,6.172
arch toxicol,6.168
j comput des eng,6.167
ieee trans commun,6.166
j chem inf model,6.162
j mater process technol,6.162
child dev perspect,6.16
j public adm res theory,6.16
water resour res,6.159
j food drug anal,6.157
comput struct biotechnol j,6.155
landslides,6.153
j mol biol,6.151
gondwana res,6.151
int j entrep innov manag,6.15
automatica,6.15
front cell neurosci,6.147
field crops res,6.145
traffic,6.144
steel compos struct,6.144
res int bus finance,6.143
acs appl nano mater,6.14
clin res cardiol,6.138
surf interfaces,6.137
integr comput aided eng,6.137
cyberpsychol behav soc netw,6.135
j clin endocrinol metab,6.134
chinese med j-peking,6.133
ieee j solid-state circuits,6.126
jacc clin electrophysiol,6.124
cellulose (lond),6.123
environ impact assess rev,6.122
infect dis ther,6.119
sociol methodol,6.118
curr opin chem eng,6.117
j nutr biochem,6.117
front mol biosci,6.113
liver transpl,6.112
iscience,6.107
j am heart assoc,6.106
ecol appl,6.105
biochem pharmacol,6.1
nanomedicine-uk,6.096
health rep,6.094
matter radiat extrem,6.089
neurotherapeutics,6.088
mar drugs,6.085
kidney int suppl (2011),6.083
npj genom med,6.083
lung cancer,6.081
front cell dev biol,6.081
food policy,6.08
ieee trans mob comput,6.075
cephalalgia,6.075
j am plann assoc,6.074
front cell infect microbiol,6.073
org lett,6.072
bioconjug chem,6.069
am econ j econ policy,6.067
j law biosci,6.066
chem commun,6.065
front bioeng biotechnol,6.064
front microbiol,6.064
biomolecules,6.064
prog plann,6.063
innov aging,6.06
neural regen res,6.058
struct control health monit,6.058
macromolecules,6.057
lwt-food sci technol,6.056
front endocrinol (lausanne),6.055
biol psychiatry cogn neurosci neuroimaging,6.05
front environ sci eng,6.048
mater sci eng a struct mater,6.044
food rev int,6.043
batter supercaps,6.043
nanoimpact,6.038
am j crim justice,6.037
j sch psychol,6.033
harv law rev,6.032
curr neurol neurosci rep,6.03
environ exp bot,6.028
annu rev criminol,6.026
eur j cell biol,6.02
plos genet,6.02
electron mark,6.017
green chem lett rev,6.016
wiley interdiscip rev energy environ,6.016
csee j power energy,6.014
mach learn sci technol,6.013
j leukocyte biol,6.011
am j physiol lung cell mol physiol,6.011
arch pharm res,6.01
mol cancer ther,6.009
am j chinese med,6.005
prog electromagn res,6
prog opt,6
med educ online,6
oceanogr mar biol,6
colloids surf b biointerfaces,5.999
front pharmacol,5.988
adv synth catal,5.981
arthroscopy,5.973
oral oncol,5.972
ieee control syst mag n y,5.972
annu rev econom,5.97
bju int,5.969
ieee trans power electron,5.967
curr atheroscler rep,5.967
atmos res,5.965
med mal infect,5.965
comput assist lang learn,5.964
j epidemiol glob health,5.959
ment health phys act,5.957
glob change biol bioenergy,5.957
aging (albany ny),5.955
glycobiology,5.954
behav res methods,5.953
res pract thromb haemost,5.953
p i civil eng-mar en,5.952
eur urol focus,5.952
curr oncol rep,5.945
aids patient care st,5.944
high power laser sci,5.943
am j cancer res,5.942
j med genet,5.941
antimicrob agents ch,5.938
batteries (basel),5.938
int j drug policy,5.931
am j med,5.928
j med ethics,5.926
ann nutr metab,5.923
geochim cosmochim acta,5.921
epidemiol health,5.919
j rock mech geotech,5.915
virol j,5.913
int j food microbiol,5.911
isa trans,5.911
j cell commun signal,5.908
br j ophthalmol,5.908
appl clay sci,5.907
j clin psychiat,5.906
harmful algae,5.905
infect dis clin north am,5.905
endocr relat cancer,5.9
int j clin health psychol,5.9
am j physiol endocrinol metab,5.9
j transp geogr,5.899
j agric food chem,5.895
eur stroke j,5.894
diabetes metab j,5.893
int j advert,5.888
biodes manuf,5.887
int j oncol,5.884
ieee trans reliab,5.883
nanotoxicology,5.881
hum genet,5.881
thin wall struct,5.881
ieee j emerg sel top circuits syst,5.877
microporous mesoporous mater,5.876
structure,5.871
ieee asme trans mechatron,5.867
gastroenterol hepatol,5.867
soc forces,5.866
clin kidney j,5.86
ieee trans circuits syst video technol,5.859
macromol biosci,5.859
mult scler,5.855
expert rev anti infect ther,5.854
cancer gene ther,5.854
immunol cell biol,5.853
immune netw,5.851
travel behav soc,5.85
mol ther methods clin dev,5.849
jphys mater,5.847
front cardiovasc med,5.846
stem cells,5.845
publ astron soc pac,5.842
br med bull,5.841
j environ econ manage,5.84
geotext geomembranes,5.839
infect dis-nor,5.838
oncologist,5.837
j syst architect,5.836
faseb j,5.834
fem psychol,5.833
j oral microbiol,5.833
flatchem,5.829
plant methods,5.827
nicotine tob res,5.825
environ sci (camb),5.819
viruses-basel,5.818
clin epidemiol,5.814
dev cogn neurosci,5.811
rmd open,5.806
cryosphere,5.805
air qual atmos health,5.804
j comput civil eng,5.802
j urban health,5.801
int j eat disord,5.791
int j stem educ,5.789
remote sens ecol conserv,5.787
earth planet sci lett,5.785
environ toxicol pharmacol,5.785
j hum resour,5.784
eur j psychotraumatol,5.783
life sci alliance,5.781
acs chem neurosci,5.78
neurocomputing,5.779
eur j polit res,5.774
biomass bioenergy,5.774
am j pathol,5.77
adv cancer res,5.767
combust flame,5.767
precis agric,5.767
urban for urban green,5.766
j mol cell cardiol,5.763
regen biomater,5.763
bioelectrochemistry,5.76
eur arch psychiatry clin neurosci,5.76
j antimicrob chemother,5.758
j enzyme inhib med chem,5.756
atmos environ,5.755
blood transfus-italy,5.752
j mix methods res,5.746
biosensors (basel),5.743
j pest sci (2004),5.742
nonlinear dynam,5.741
vasc pharmacol,5.738
front oncol,5.738
j ginseng res,5.735
sex reprod health matters,5.732
clin exp immunol,5.732
dis model mech,5.732
biotechnol j,5.726
j fungi (basel),5.724
appl catal a gen,5.723
j genet genomics,5.723
eur j agron,5.722
eur j clin invest,5.722
nanomaterials-basel,5.719
contemp secur policy,5.719
int immunopharmacol,5.714
divers distrib,5.714
palliative med,5.713
struct saf,5.712
burns trauma,5.711
struct health monit,5.71
ann fam med,5.707
front aging neurosci,5.702
hepatol commun,5.701
acta crystallogr d struct biol,5.699
j psychiatry neurosci,5.699
ieee t cloud comput,5.697
redox rep,5.696
plants people planet,5.695
crit care resusc,5.692
biocybern biomed eng,5.687
dent mater,5.687
arch pathol lab med,5.686
crit rev anal chem,5.686
int j lean six sig,5.686
j manuf process,5.684
expert rev vaccines,5.683
work aging retire,5.682
mol neurobiol,5.682
int j pharm x,5.679
int j neuropsychopharmacol,5.678
bus inform syst eng+,5.675
drug deliv transl res,5.671
expert rev mol diagn,5.67
j rural health,5.667
best pract res cl en,5.667
int j elec power,5.659
clin transl allergy,5.657
energy sustain dev,5.655
perspect ecol conserv,5.652
int j biochem cell biol,5.652
eur rev soc psychol,5.652
powder technol,5.64
rice,5.638
rna,5.636
colloid interface sci commun,5.633
occup med (lond),5.629
j youth adolesc,5.625
clin auton res,5.625
febs j,5.622
electron commer res appl,5.622
am j sci,5.62
exp neurol,5.62
tribol int,5.62
br j polit sci,5.615
virus evol,5.614
int j comput support collab learn,5.611
biol blood marrow transplant,5.609
nat resour res,5.609
influenza other respir viruses,5.606
organ behav hum decis process,5.606
j anim ecol,5.606
j mol med,5.606
arthritis res ther,5.606
cancer imaging,5.605
mater res bull,5.6
aust n z j psychiatry,5.598
nanoscale adv,5.598
gerontology,5.597
otolaryng head neck,5.591
eur j pharm biopharm,5.589
expert opin biol ther,5.589
iucrj,5.588
j liposome res,5.586
j mech phys solids,5.582
eng struct,5.582
food bioproc tech,5.581
metabolites,5.581
psychol inq,5.581
minerva med,5.58
educ technol res dev,5.58
body image,5.58
acs infect dis,5.578
clin pharmacokinet,5.577
j pain symptom manage,5.576
geophys res lett,5.576
theor appl genet,5.574
food chem toxicol,5.572
int j bipolar disord,5.571
acta geotech,5.57
region anesth pain m,5.564
foods,5.561
apoptosis,5.561
appl microbiol biot,5.56
chin j chem,5.56
disaster med public health prep,5.556
health psychol,5.556
geotechnique,5.554
j zhejiang univ sci b,5.552
int j obesity,5.551
adv life course res,5.548
environ rev,5.547
eur polym j,5.546
j neurochem,5.546
front chem,5.545
curr nutr rep,5.537
fortschr phys,5.532
proc r soc lond b biol sci,5.53
hypertens res,5.528
j thorac imaging,5.528
j cyst fibros,5.527
paediatr respir rev,5.526
organ stud,5.524
astrophys j,5.521
j parkinson dis,5.52
mol plant pathol,5.52
colloids surf a physicochem eng asp,5.518
world allergy organ j,5.516
adv appl microbiol,5.515
pedosphere,5.514
npj sci learn,5.513
appl soil ecol,5.509
thromb j,5.509
psychol mark,5.507
j ovarian res,5.506
lab invest,5.502
appl dev sci,5.5
ing rech biomed,5.5
mech ageing dev,5.498
j exp psychol gen,5.498
chemcatchem,5.497
curr hiv/aids rep,5.495
comput netw,5.493
sci china earth sci,5.492
scand j work env hea,5.492
astron j,5.491
inf syst res,5.49
int j fatigue,5.489
am j ophthalmol,5.488
europace,5.486
j biol chem,5.486
neurologia,5.486
ther adv med oncol,5.485
acad radiol,5.482
environ sci eur,5.481
miner eng,5.479
jco precis oncol,5.479
nonlinear anal-hybri,5.477
j taiwan inst chem eng,5.477
environ microbiol,5.476
comment inorg chem,5.476
intern emerg med,5.472
environ model softw,5.471
pers psychol,5.47
j endocrinol invest,5.467
epigenetics chromatin,5.465
pediatr allergy immunol,5.464
sustain chem pharm,5.464
ieee j emerg sel top power electron,5.462
earth syst dyn,5.458
aerosp sci technol,5.457
j urban econ,5.456
org chem front,5.456
prostate cancer prostatic dis,5.455
j second lang writ,5.448
adv protein chem struct biol,5.447
ultraschall med,5.445
electrochem commun,5.443
j hydrol reg stud,5.437
plant physiol biochem,5.437
inorg chem,5.436
front psychiatry,5.435
semin arthritis rheum,5.431
int j heat mass transf,5.431
ann clin transl neurol,5.43
curr diab rep,5.43
elements,5.429
am econ rev insights,5.429
j air transp manag,5.428
gend work organ,5.428
virulence,5.428
coast eng,5.427
j immunol,5.426
int forum allergy rhinol,5.426
gerontologist,5.422
semin radiat oncol,5.421
ieee trans control syst technol,5.418
nanoscale res lett,5.418
j soc issues,5.418
eur neuropsychopharmacol,5.415
mach learn,5.414
appl water sci,5.411
front environ sci,5.411
mark public policy conf proc,5.411
clin med,5.41
geol soc am bull,5.41
j dermatol sci,5.408
j neurosurg,5.408
phys rev d,5.407
data min knowl discov,5.406
sustain energy grids,5.405
clin exp allergy,5.401
wildlife monogr,5.4
ther adv hematol,5.4
am j clin pathol,5.4
hum brain mapp,5.399
acs biomater sci eng,5.395
diabetol metab syndr,5.395
neuroepidemiology,5.393
ann phys rehabil med,5.393
proteomics,5.393
bone joint j,5.385
transplantation,5.385
semin oncol,5.385
nber macroecon annu,5.385
j pain,5.383
j climate,5.38
soc sci med,5.379
world j gastroenterol,5.374
mamm rev,5.373
comput struct,5.372
j proteome res,5.37
j clin lipidol,5.365
mol pharm,5.364
fire ecol,5.364
polym chem-uk,5.364
plant sci,5.363
am j epidemiol,5.363
adv water resour,5.361
mar pet geol,5.361
j plan lit,5.361
eur eat disord rev,5.36
internet interv,5.358
3d print addit manuf,5.355
j korean med sci,5.354
eur j hum genet,5.351
remote sens-basel,5.349
eur child adolesc psychiatry,5.349
ann med,5.348
cancer biol med,5.347
j assoc inf syst,5.346
j risk res,5.346
j rheumatol,5.346
emergencias,5.345
sex med rev,5.345
bipolar disord,5.345
ieee geosci remote sens lett,5.343
j mol diagn,5.341
minds mach (dordr),5.339
j technol transf,5.337
appl math model,5.336
pathology,5.335
environ sci process impacts,5.334
j peasant stud,5.333
hum commun res,5.333
ieee trans instrum meas,5.332
j sustain cem based mater,5.328
undergr space,5.327
evol hum behav,5.327
gut pathog,5.324
adv immunol,5.324
epidemics,5.324
behav res ther,5.321
can j psychiatry,5.321
indian j pediatr,5.319
food biosci,5.318
dev psychopathol,5.317
soc psychol personal sci,5.316
microb cell,5.316
neurosurgery,5.315
int j mol med,5.314
eur j phys rehabil med,5.313
headache,5.311
adv quantum technol,5.31
int j health geogr,5.31
new media soc,5.31
j bus econ stat,5.309
bioorg chem,5.307
am fam physician,5.305
gynecol oncol,5.304
microchem j,5.304
organ environ,5.299
j sleep res,5.296
j cell mol med,5.295
ieee intel transp sy,5.293
j constr eng manag,5.292
j nat gas sci eng,5.285
j nutr health aging,5.285
anim nutr,5.285
am j physiol cell physiol,5.282
ieee wirel commun lett,5.281
biostatistics,5.279
algal res,5.276
endosc ultrasound,5.275
fuzzy optim decis ma,5.274
indian j med res,5.274
neuropharmacology,5.273
neurosci bull,5.271
eur j health econ,5.271
br j educ technol,5.268
panminerva med,5.268
clim risk manag,5.266
probiotics antimicrob proteins,5.265
joint bone spine,5.263
tectonics,5.261
inf syst front,5.261
bmc plant biol,5.26
int j life cycle assess,5.257
curr opin insect sci,5.254
mov ecol,5.253
j psychiatr res,5.25
acs synth biol,5.249
world j stem cells,5.247
front mar sci,5.247
curr top dev biol,5.242
biofuel bioprod biorefin,5.239
political sci res methods,5.239
j pediatric infect dis soc,5.235
j biomol struct dyn,5.235
mon not r astron soc,5.235
j cell sci,5.235
ieee trans biomed circuits syst,5.234
j acad nutr diet,5.234
j dtsch dermatol ges,5.231
ieee robot autom mag,5.229
biochim biophys acta mol cell biol lipids,5.228
drug safety,5.228
analyst,5.227
ieee trans vis comput graph,5.226
j funct foods,5.223
antibiotics (basel),5.222
acad emerg med,5.221
j thromb thrombolysis,5.221
pol arch intern med,5.218
comput geotech,5.218
j geophys res atmos,5.217
pharmaceuticals-base,5.215
obes res clin pract,5.214
minerva urol nephrol,5.214
health policy technol,5.211
j neuroeng rehabil,5.208
miner depos,5.206
habitat int,5.205
polym degrad stab,5.204
sci china phys mech astron,5.203
aquat toxicol,5.202
prog neuropsychopharmacol biol psychiatry,5.201
asn neuro,5.2
react chem eng,5.2
dermatology,5.197
j ethnopharmacol,5.195
eur j pharmacol,5.195
ieee t broadcast,5.194
petrol explor dev+,5.194
phytobiomes j,5.19
environ sci pollut r,5.19
j peripher nerv syst,5.188
helicobacter,5.182
adv ecol res,5.182
eur j mark,5.181
int j numer methods heat fluid flow,5.181
j health soc behav,5.179
arthritis care res (hoboken),5.178
j mach learn res,5.177
clim change,5.174
bone marrow transpl,5.174
cell cycle,5.173
plast reconstr surg,5.169
comput geosci,5.168
j pet sci eng,5.168
biology (basel),5.168
chem biol interact,5.168
korean j anesthesiol,5.167
int endod j,5.165
bjpsych open,5.165
dig liver dis,5.165
tob induc dis,5.163
curr osteoporos rep,5.163
comput oper res,5.159
cold spring harb perspect med,5.159
ther adv respir dis,5.158
j rural stud,5.157
eng sci technol,5.155
int j geogr inf sci,5.152
front neurosci,5.152
organ sci (linthicum),5.152
j inf technol-uk,5.15
lgbt health,5.15
j urban technol,5.15
j virus erad,5.148
cancer metab,5.146
evol med public health,5.143
front phys,5.142
j photoch photobio a,5.141
j gen virol,5.141
mol carcinog,5.139
j contextual behav sci,5.138
glob chall,5.135
aquaculture,5.135
neuroendocrinology,5.135
neurobiol aging,5.133
stem cells int,5.131
measurement,5.131
am j physiol heart circ physiol,5.125
expert rev clin immunol,5.124
fermentation (basel),5.123
dyes pigm,5.122
bull chem soc jpn,5.121
medchemcomm,5.121
hum mol genet,5.121
policy sci,5.121
j occup organ psychol,5.119
j magn reson imaging,5.119
psychol sport exerc,5.118
j econ geogr,5.117
eur j pharm sci,5.112
maturitas,5.11
neonatology,5.106
food bioprod process,5.105
comput secur,5.105
eur j clin microbiol infect dis,5.103
ann thorac surg,5.102
neural comput appl,5.102
value health,5.101
int j ment health nurs,5.1
j evid based dent pract,5.1
int j public health,5.1
genet sel evol,5.1
j insects food feed,5.099
am heart j,5.099
allergy asthma immun,5.096
inflammopharmacology,5.093
biogeosciences,5.092
phys dark universe,5.09
j mol catal,5.089
breast cancer (dove med press),5.088
j couns psychol,5.088
econ geol,5.086
criminol public policy,5.085
physiol plant,5.081
j physiol biochem,5.08
curr treat options oncol,5.08
int rev immunol,5.078
j clin child adolesc psychol,5.077
biomed signal process control,5.076
toxins,5.075
wiley interdiscip rev cogn sci,5.071
osteoporos int,5.071
int immunol,5.071
microbiol res,5.07
mol cell biol,5.069
j clin transl hepatol,5.065
skelet muscle,5.063
j drug deliv sci technol,5.062
rev financ,5.059
struct chang econ dyn,5.059
front med (lausanne),5.058
j public health-uk,5.058
clin exp med,5.057
bus ethics,5.056
bmj open respir res,5.054
adolesc res rev,5.052
endocrinology,5.051
benef microbes,5.05
j phys chem ref data,5.048
comput commun,5.047
bioengineering (basel),5.046
j neural eng,5.043
landsc ecol,5.043
bmb rep,5.041
stanford law rev,5.04
ann bot,5.04
insights imaging,5.036
cancer res treat,5.036
ieee trans netw sci eng,5.033
telemed j e health,5.033
msphere,5.029
geochem perspect lett,5.028
rev adv mater sci,5.028
clin oral implants res,5.021
chemistry,5.02
j prev alzheimers dis,5.02
mol phylogenet evol,5.019
limnol oceanogr,5.019
appl intell (dordr),5.019
health inf sci syst,5.017
appetite,5.016
j drug target,5.016
biochim biophys acta mol cell res,5.011
j steroid biochem mol biol,5.011
appl spectrosc rev,5.01
leis sci,5.008
macromol rapid commun,5.006
appl environ microb,5.005
front sustain food syst,5.005
drug dev res,5.004
adv ther (weinh),5.003
biosyst eng,5.002
eur psychol,5
mar life sci technol,5
clin proteomics,5